"title","address"
"BWS Fountain Gate","Fountain Gate Shopping Centre, 352 Princes Highway, Narre Warren VIC 3805, Australia"
"BWS Braybrook Central West S/C","Central West Shopping Centre, Shop 15A/67 Ashley St, Braybrook VIC 3019, Australia"
"BWS Camberwell","5/57 Station St, Camberwell VIC 3124, Australia"
"BWS","Sunshine Marketplace Shopping Centre, 80 Harvester Rd, Sunshine VIC 3020, Australia"
"BWS Geelong West (Pakington Strand)","Pakington Strand, 95/103 Pakington St, Geelong West VIC 3218, Australia"
"BWS Westside Drive","3-5 Fitzgerald Rd, Laverton VIC 3028, Australia"
"BWS Warralily (Armstrong Creek)","770 Barwon Heads Rd, Armstrong Creek VIC 3217, Australia"
"BWS Williamstown","71 Kororoit Creek Rd, Williamstown VIC 3016, Australia"
"BWS Waurn Ponds (Geelong)","173/199 Pioneer Rd, Waurn Ponds VIC 3216, Australia"
"BWS Torquay North","Corner Merrijig Drive &, Fischer St, Torquay VIC 3228, Australia"
"BWS Torquay","Cnr Bristol And, Walker St, Torquay VIC 3228, Australia"
"Thirsty Camel","1 Murch Cres, Anglesea VIC 3230, Australia"
"BWS Lorne","shop 12/148 Mountjoy Parade, Lorne VIC 3232, Australia"
"BWS Anglesea","85 Great Ocean Rd, Anglesea VIC 3230, Australia"
"BWS Tarneit Gardens","747 Tarneit Rd, Tarneit VIC 3029, Australia"
"BWS Ballarat Central","7/25 Eastwood St, Ballarat Central VIC 3350, Australia"
"BWS Blue Bell Hotel Drive","1216 Howitt Street, Wendouree VIC 3355, Australia"
"BWS Ballarat Drive","1113 Sturt St, Ballarat Central VIC 3350, Australia"
"BWS Maryborough","Tuaggra St, Maryborough VIC 3465, Australia"
"BWS Sebastopol (Ballarat)","Cnr Albert And, Hertford St, Sebastopol VIC 3356, Australia"
"BWS Ballarat","Cnr Norman & Gillies Street South, 3350, Australia"
"BWS Southbank","93/113 Kavanagh St, Southbank VIC 3006, Australia"
"BWS Stockland Wendouree","Cnr Norman &, Gillies St, Wendouree VIC 3350, Australia"
"IGA Charlton","28 High St, Charlton VIC 3525, Australia"
"The Bottle-O","297 Campbell St, Swan Hill VIC 3585, Australia"
"BWS St Kilda","117 Acland St, St Kilda VIC 3182, Australia"
"BWS Camperdown","9 Cressy St, Camperdown VIC 3260, Australia"
"BWS Colac (Bromfield St)","2/16 Bromfield St, Colac VIC 3250, Australia"
"BWS Colac (Hesse St)","Cnr Bromfield and, Hesse St, Colac VIC 3250, Australia"
"BWS Corio","And, Cnr Bacchus Marsh, Purnell Rd, Corio VIC 3214, Australia"
"BWS Literature Lane","388 Elizabeth St, Melbourne VIC 3000, Australia"
"BWS Barrabool Hills","Cnr Province Blvd &, Stoneleigh Cres, Highton VIC 3216, Australia"
"BWS Newtown Vic","Cnr Aberdeen St And, Shannon Ave, Newtown VIC 3220, Australia"
"BWS Elizabeth St","60 Elizabeth St, Melbourne VIC 3000, Australia"
"BWS Bell Post","290/306 Anakie Rd, Norlane VIC 3214, Australia"
"BWS City North","611 Elizabeth St, Melbourne VIC 3000, Australia"
"BWS QV","Cnr Lonsdale And Swanston Streets, Melbourne VIC 3000, Australia"
"BWS Watergardens South","Watergardens Town Centre, Shop 1SL/399 Melton Hwy, Sydenham VIC 3037, Australia"
"BWS Bannockburn","17 McPhillips Rd, Bannockburn VIC 3331, Australia"
"BWS Swan Hill (Beveridge St)","Beveridge St, Swan Hill VIC 3585, Australia"
"BWS Swan Hill (Campbell St)","Cnr Campbell and, Rutherford St, Swan Hill VIC 3585, Australia"
"BWS Lucas (Alfredton)","23/28 Remembrance Dr, Alfredton VIC 3350, Australia"
"BWS Apollo Bay","135 Great Ocean Rd, Apollo Bay VIC 3233, Australia"
"Dan Murphy's Echuca","166/168 Annesley St, Echuca VIC 3564, Australia"
"BWS Kyabram","17-19 Bradley St, Kyabram VIC 3620, Australia"
"BWS Echuca West","41/47 Murray Valley Hwy, Echuca West VIC 3564, Australia"
"BWS Dandenong Junction","1/3 Gladstone Rd, Dandenong North VIC 3175, Australia"
"BWS Cranbourne West","Cnr Hall &, Evans Rd, Cranbourne West VIC 3977, Australia"
"BWS Keysborough Drive","Corner Corrigan Rd &, Cheltenham Rd, Keysborough VIC 3173, Australia"
"BWS Frankston","Bayside Shopping Centre, 28 Beach St, Frankston VIC 3199, Australia"
"BWS Carrum Downs","100 Hall Rd, Carrum Downs VIC 3201, Australia"
"BWS Somerville","17 Eramosa Rd W, Somerville VIC 3912, Australia"
"BWS Somerville Drive","84 Station St, Somerville VIC 3912, Australia"
"BWS Sands Drive","71 Hall Rd, Carrum Downs VIC 3201, Australia"
"BWS Mornington Central","78 Barkly St, Mornington VIC 3931, Australia"
"BWS Rye","Cnr Nepean Highway And, Ozone St, Rye VIC 3941, Australia"
"BWS Rosebud Plaza","Corner of Boneo Road and, 22/37 McCombe St, Rosebud VIC 3939, Australia"
"BWS Seaford","Cnr Nepean Highway And, Seaford Rd, Seaford VIC 3198, Australia"
"BWS Rosebud Central","991 Nepean Highway, Rosebud VIC 3939, Australia"
"BWS Rosebud Drive","835-839 Point Nepean Rd, Rosebud VIC 3939, Australia"
"BWS Fountain Gate Drive Thru","Cnr Narre Warren Nth Rd &, Overland Dr, Narre Warren VIC 3805, Australia"
"Cellarbrations","Shop 3/3000 Frankston - Flinders Rd, Balnarring VIC 3926, Australia"
"BWS Hastings","11-23 Victoria St, Hastings VIC 3915, Australia"
"BWS Phillip Island","26-28 Bayview Ave, Surf Beach VIC 3922, Australia"
"BWS Cowes","117-133 Thompson Ave, Cowes VIC 3922, Australia"
"BWS Wendouree (Ballarat)","1201/1205 Howitt Street, Wendouree VIC 3355, Australia"
"BWS Delacombe","315 Glenelg Hwy, Smythes Creek VIC 3350, Australia"
"BWS Noble Park Drive","Sandown Park Hotel, Corrigan Rd, Noble Park VIC 3174, Australia"
"BWS Monash Drive","2077 Dandenong Rd, Clayton VIC 3168, Australia"
"BWS Werribee Plaza Drive","Cnr Heaths and, Derrimut Rd, Hoppers Crossing VIC 3030, Australia"
"BWS Ascot Vale (Union Rd)","199 Union Rd, Ascot Vale VIC 3032, Australia"
"BWS Carlton","304 Lygon St, Carlton VIC 3053, Australia"
"BWS Craigieburn Highlands","Cnr Aitken &, Grand Blvd, Craigieburn VIC 3064, Australia"
"BWS Brunswick","300-304 Albert St, Brunswick VIC 3056, Australia"
"BWS Craigieburn Plaza","West &, Craigieburn Plaza Shopping Centre,Cnr Craigieburn Road, Hanson Rd, Craigieburn VIC 3064, Australia"
"BWS Preston","334 Murray Rd, Preston VIC 3072, Australia"
"BWS Northland (East Preston)","Northland Shopping Centre, 2/50 Murray Rd, Preston VIC 3072, Australia"
"BWS Seymour","Cnr William And, Wallis St, Seymour VIC 3660, Australia"
"BWS Hoppers Crossing","57 Old Geelong Rd, Hoppers Crossing VIC 3029, Australia"
"BWS Ferntree Gully","1038-1042 Burwood Hwy, Ferntree Gully VIC 3156, Australia"
"BWS Officer Arena","Cnr of Princes Hwy &, Cardinia Rd, Officer VIC 3809, Australia"
"BWS Beaconsfield","1/55 Old Princes Hwy, Beaconsfield VIC 3807, Australia"
"BWS Knox","425 Burwood Hwy, Wantirna South VIC 3152, Australia"
"BWS Yarra Junction","82/84 Warburton Hwy, Yarra Junction VIC 3797, Australia"
"BWS Lakeside","9 Village Way, Pakenham VIC 3810, Australia"
"BWS Warragul","58/66 Victoria St, Warragul VIC 3820, Australia"
"BWS Drouin","72-100 Young St, Drouin VIC 3818, Australia"
"BWS Pakenham Market Place","Market Place, 55 Henry St, Pakenham VIC 3810, Australia"
"BWS Mildura Langtree","95/103 Langtree Ave, Mildura VIC 3500, Australia"
"BWS Stawell","26/32 Scallan St, Stawell VIC 3380, Australia"
"BWS Kerang","Cnr Shadforth And, Nolan St, Kerang VIC 3579, Australia"
"BWS Cobram","54/58 Punt Rd, Cobram VIC 3644, Australia"
"BWS Cobram Drive Thru","101 Queen St, Cobram VIC 3644, Australia"
"BWS Bairnsdale","146 Nicholson St, Bairnsdale VIC 3875, Australia"
"BWS South Morang","Cnr Development Boulevard, And, Shop 8/538 Plenty Rd, Mill Park VIC 3082, Australia"
"BWS Shepparton","338 High St, Shepparton VIC 3630, Australia"
"BWS Yarrawonga Central","157/161 Belmore St, Yarrawonga VIC 3730, Australia"
"BWS Yarrawonga Drive","183 Belmore St, Yarrawonga VIC 3730, Australia"
"BWS Yarram","17 James St, Yarram VIC 3971, Australia"
"BWS Wodonga Drive","255 Beechworth Rd, Wodonga VIC 3690, Australia"
"BWS","63 Standish St, Myrtleford VIC 3737, Australia"
"BWS Wangaratta","45/49 Ovens St, Wangaratta VIC 3677, Australia"
"BWS","16-40 Howard St, Epsom VIC 3551, Australia"
"BWS Wodonga Central","Cnr Elgin Blvd &, Hume St, Wodonga VIC 3690, Australia"
"BWS Moe (George St)","Cnr George And, Anzac St, Moe VIC 3825, Australia"
"BWS Leongatha","16 Smith St, Leongatha VIC 3953, Australia"
"BWS Traralgon","112 Hotham St, Traralgon VIC 3844, Australia"
"BWS Morwell","Mid Valley Shopping Centre, Princes Dr, Morwell VIC 3840, Australia"
"BWS Morwell Drive","Corner Old Princess Hwy AND, Vincent Rd, Morwell VIC 3840, Australia"
"BWS Churchill","Cnr Marina Drive &, Monash Way, Churchill VIC 3842, Australia"
"BWS Kennington Village","150-180 Condon St, Kennington VIC 3550, Australia"
"BWS Bendigo Market Place","Bendigo Marketplace, 116-120 Mitchell St, Bendigo VIC 3550, Australia"
"BWS Golden Square","234-246 High St, Golden Square VIC 3555, Australia"
"BWS Lansell Plaza (Bendigo)","Lansell Plaza Shopping Centre, 267 High St, Kangaroo Flat VIC 3555, Australia"
"BWS Kangaroo Flat Drive","291 Calder Hwy, Kangaroo Flat VIC 3555, Australia"
"BWS Benalla Drive","Entrance via, 2 Bridge Street w, 51 Arundel St, Benalla VIC 3672, Australia"
"BWS Benalla","49/59 Smythe St, Benalla VIC 3672, Australia"
"BWS Castlemaine","Crn Moyston AND, Hargraves St, Castlemaine VIC 3450, Australia"
"BWS Portland","95/97B Percy St, Portland VIC 3305, Australia"
"BWS Shepparton East","1/110 Benalla Rd, Shepparton VIC 3630, Australia"
"BWS Mooroopna","91/101 McLennan St, Mooroopna VIC 3629, Australia"
"BWS Wallan","81/99 High St, Wallan VIC 3756, Australia"
"world bws","315 Spring St, Reservoir VIC 3073, Australia"
"Billson's","29 Last St, Beechworth VIC 3747, Australia"
"BWS Bright","87-91 Gavan St, Bright VIC 3741, Australia"
"Bridge Road Brewers","Enter via laneway, 42 Ford St, Beechworth VIC 3747, Australia"
"BWS White Box Rise Wodonga South","Cnr Victoria Cross Parade &, Kelliher Ave, Wodonga VIC 3690, Australia"
"BWS Point Cook Town Centre","1 Main St, Point Cook VIC 3030, Australia"
"BWS Horsham","66b Hamilton St, Horsham VIC 3400, Australia"
"BWS Centre Plaza (Mildura)","Mildura Central Shop G45, Fifteenth St, Mildura VIC 3500, Australia"
"BWS Dennington","and, Cnr Raglan Pde, Russell St, Dennington VIC 3280, Australia"
"BWS Horsham","108 Wilson St, Horsham VIC 3400, Australia"
"BWS Wonthaggi","Cnr Murray And, Billson St, Wonthaggi VIC 3995, Australia"
"BWS Seville","585 Warburton Hwy, Seville VIC 3139, Australia"
"BWS Maffra","Corner Johnson Street And, Purdy Ln, Maffra VIC 3860, Australia"
"BWS Sale","37-39 Cunninghame St, Sale VIC 3850, Australia"
"BWS Monbulk","And, Cnr Main Road, Moores Rd, Monbulk VIC 3793, Australia"
"BWS Belgrave","16/29 Burwood Hwy, Belgrave VIC 3160, Australia"
"BWS Kilsyth","And, Cnr Mt Dandenong Road, Russo Pl, Kilsyth VIC 3137, Australia"
"BWS Lilydale","33 Hutchinson St, Lilydale VIC 3140, Australia"
"BWS Chirnside Park","239/241 Maroondah Hwy, Chirnside Park VIC 3116, Australia"
"BWS","Cnr Linsell Blvd &, Selandra Blvd, Clyde North VIC 3978, Australia"
"BWS Warrnambool","745-763 Raglan Parade, Warrnambool VIC 3280, Australia"
"BWS Warrnambool East","and, Cnr Princes Hwy, Gateway Rd, Warrnambool VIC 3280, Australia"
"BWS Hamilton","138/148 Gray St, Hamilton VIC 3300, Australia"
"Liquorland Mildura South","826 Fifteenth St, Mildura VIC 3500, Australia"
"BWS Greensborough","119 Grimshaw St, Greensborough VIC 3088, Australia"
"BWS Kalkallo","44 Toyon Rd, Kalkallo VIC 3064, Australia"
"BWS Bundoora","69-85 Plenty Rd, Bundoora VIC 3083, Australia"
"BWS Diamond Creek","75/77 Main Hurstbridge Rd, Diamond Creek VIC 3089, Australia"
"BWS Plough Hotel Drive","Childs Rd, Mill Park VIC 3082, Australia"
"BWS Lalor","357/359 High St, Lalor VIC 3075, Australia"
"BWS","1 Thompsons Rd, Bulleen VIC 3105, Australia"
"BWS Mill Park","Stables Shopping Centre, Childs Rd, Mill Park VIC 3082, Australia"
"BWS South Morang Central","330/342 McDonalds Rd, South Morang VIC 3752, Australia"
"BWS Plenty Valley","400 McDonalds Rd, South Morang VIC 3752, Australia"
"BWS South Morang Drive","820 Plenty Rd, South Morang VIC 3752, Australia"
"BWS Epping North","Cnr Epping Road &, Lyndarum Dr, Epping VIC 3076, Australia"
"BWS Laurimar","95 Hazel Glen Dr, Doreen VIC 3754, Australia"
"BWS Mernda Town Centre","Center, 590 Bridge Inn Rd, Mernda VIC 3754, Australia"
"BWS Mernda Village","Cnr Mernda &, Galloway Dr, Mernda VIC 3754, Australia"
"Cellarbrations","1/251-263 Maroondah Hwy, Healesville VIC 3777, Australia"
"BWS Ferntree Gully Middle Drive","1130 Burwood Hwy, Ferntree Gully VIC 3156, Australia"
"BWS Industries","218 Canterbury Rd, Bayswater VIC 3153, Australia"
"BWS Mountain Gate (Ferntree Gully)","Mountain gate Shopping Centre Cnr Burwood Highway And, Ferntree Gully Rd, Ferntree Gully VIC 3156, Australia"
"BWS Ferntree Gully Club Drive","848 Burwood Hwy, Ferntree Gully VIC 3156, Australia"
"BWS Bayswater","659 Mountain Hwy, Bayswater VIC 3153, Australia"
"BWS Bayswater Drive","780 Mountain Hwy, Bayswater VIC 3153, Australia"
"BWS Boronia Junction","127 Boronia Rd, Boronia VIC 3155, Australia"
"BWS Croydon","224-238 Mt Dandenong Rd, Croydon VIC 3136, Australia"
"BWS Canterbury Gardens","17/39 Canterbury Rd, Bayswater North VIC 3153, Australia"
"BWS Lilydale Olinda Creek Drive","161 Main St, Lilydale VIC 3140, Australia"
"BWS York on Lilydale","of York Road AND, 138 York Road (Corner, Swansea Rd, Mount Evelyn VIC 3796, Australia"
"BWS Sunbury","25/47 Horne St, Sunbury VIC 3429, Australia"
"BWS Sunbury Drive","63 Evans St, Sunbury VIC 3429, Australia"
"BWS Kyneton","7/11 Jennings St, Kyneton VIC 3444, Australia"
"BWS Rosenthal (Sunbury South)","90 Vineyard Rd, Sunbury VIC 3429, Australia"
"BWS Craigieburn Central","Cnr Craigieburn Rd &, Aitken Blvd, Craigieburn VIC 3064, Australia"
"BWS Portarlington","6-8 Brown St, Portarlington VIC 3223, Australia"
"BWS Curlewis","90 Centennial Blvd, Curlewis VIC 3222, Australia"
"BWS Drysdale","16 Wyndham St, Drysdale VIC 3222, Australia"
"BWS Ocean Grove","2/20 Kingston Downs Dr, Ocean Grove VIC 3226, Australia"
"Woolworths Camperdown","9 Cressy St, Camperdown VIC 3260, Australia"
"BWS Wyndham Vale","205 Greens Rd, Wyndham Vale VIC 3024, Australia"
"BWS Millers Inn","204 Millers Rd, Altona North VIC 3025, Australia"
"BWS Millers Junction","300/330 Millers Rd, Altona North VIC 3025, Australia"
"BWS Altona North","2/32 Borrack Square, Altona North VIC 3025, Australia"
"Woolworths Lakes Entrance","371 Esplanade, Lakes Entrance VIC 3909, Australia"
"BWS Lakes Entrance Drive","513 Esplanade, Lakes Entrance VIC 3909, Australia"
"BWS Lakes Entrance","371 Esplanade, Lakes Entrance VIC 3909, Australia"
"BWS Altona Gate","Altona Gate Shopping Centre, 124/134 Millers Rd, Altona North VIC 3025, Australia"
"BWS Lara","50 The Centreway, Lara VIC 3212, Australia"
"BWS Williams Landing","100 Overton Rd, Williams Landing VIC 3027, Australia"
"BWS Commercial Drive Werribee","111 Watton St, Werribee VIC 3030, Australia"
"BWS Werribee Central","Cnr Cherry And, Watton St, Werribee VIC 3030, Australia"
"BWS Featherbrook","Cnr Sneydes Road &, Boardwalk Blvd, Point Cook VIC 3030, Australia"
"BWS Pacific Plaza Werribee","Cnr Heaths And, Derrimut Rd, Werribee VIC 3030, Australia"
"BWS Greenvale Lakes","F1/200-230 James Mirams Dr, Roxburgh Park VIC 3064, Australia"
"BWS Broadmeadows","Town Centre, Pascoe Vale Rd, Broadmeadows VIC 3047, Australia"
"The Bottle-O Mooroopna","2 Morrell St, Mooroopna VIC 3629, Australia"
"BWS Cranbourne North Drive","Shop 1B Thompson Parkway Shopping Centre Cnr, S Gippsland Hwy, Cranbourne North VIC 3977, Australia"
"BWS Hampton Park","Hampton Park Shopping Centre, 55 Hallam Rd, Hampton Park VIC 3976, Australia"
"BWS Langwarrin","385 Cranbourne-Frankston Rd, Langwarrin VIC 3910, Australia"
"BWS Kilmore","and, Cnr Clarke St, Northern Hwy, Kilmore VIC 3764, Australia"
"Dh Wine Store","30 Howe St, Daylesford VIC 3460, Australia"
"Cellarbrations","55 Vincent St, Daylesford VIC 3460, Australia"
"Liquorland Daylesford","32 Albert St, Daylesford VIC 3460, Australia"
"BWS Bacchus Marsh Drive","1 Young St, Bacchus Marsh VIC 3340, Australia"
"BWS Doveton Drive","Cnr Princes Highway AND, Power Rd, Doveton VIC 3177, Australia"
"BWS The Glen","and, Cnr High Street Rd, Snedden Dr, Glen Waverley VIC 3150, Australia"
"BWS Doncaster Shopping Town","619 Doncaster Rd, Doncaster VIC 3108, Australia"
"Burton’s IGA and Liquor","75 Binney St, Euroa VIC 3666, Australia"
"Bottlemart Express - The Star Hotel","173 Raymond St, Sale VIC 3850, Australia"
"Woolworths Sale","37-39 Cunninghame St, Sale VIC 3850, Australia"
"BWS Heidelberg","451 Lower Heidelberg Rd, Heidelberg VIC 3084, Australia"
"BWS Quality Cleaning Services","LOT 30 Pengana Way, Cranbourne West VIC 3977, Australia"
"BWS Ararat","3 Ingor St, Ararat VIC 3377, Australia"
"BWS Patterson Lakes","Lakeview Shopping Centre, 92/114 Gladesville Blvd, Patterson Lakes VIC 3197, Australia"
"Woolworths Wendouree","1201/1205 Howitt Street, Wendouree VIC 3355, Australia"
"Campanas Ballarat","301 Mair St, Ballarat Central VIC 3350, Australia"
"Mats Alfredton Cellarbrations","1763 Sturt St, Alfredton VIC 3350, Australia"
"Premix King","Shop 2/58-60 Albert St, Sebastopol VIC 3356, Australia"
"Liquorland Ballarat","6/20 Peel St S, Ballarat Central VIC 3350, Australia"
"Jacks Cellarbrations & Friendly Grocer Supermarket plus www.jackswine.com.au","901 Sturt St, Ballarat Central VIC 3350, Australia"
"Dan Murphy's Ballarat","Rangers Barracks, 61 Curtis St, Ballarat Central VIC 3350, Australia"
"BWS Casey Central","Casey Central SC, Narre Warren - Cranbourne Rd, Narre Warren VIC 3805, Australia"
"BWS Baxter","96/106 Baxter-Tooradin Rd, Baxter VIC 3911, Australia"
"BWS Mount Eliza","85 Mount Eliza Way, Mount Eliza VIC 3930, Australia"
"BWS Cheeky Squire Drive","510 Nepean Hwy, Frankston VIC 3199, Australia"
"BWS Karingal (P.O. End)","P.O. End, Karingal Hub, 330 Cranbourne Road &, Karingal Dr, Frankston VIC 3199, Australia"
"BWS The Avenue (Cranbourne)","Cnr William Thwaites Blvd &, Thompsons Rd, Cranbourne VIC 3977, Australia"
"TWOBAYS Brewing Co - Brewery Mornington Peninsula","1/2 Trewhitt Ct, Dromana VIC 3936, Australia"
"Woolworths Rosebud Central","991 Nepean Highway, Rosebud VIC 3939, Australia"
"Dromana Bottle-O and Supermarket","183-185 Point Nepean Rd, Dromana VIC 3936, Australia"
"First Choice Liquor Market Rosebud","1301 Point Nepean Rd, Rosebud VIC 3939, Australia"
"BWS Rye Hotel","2415 Point Nepean Rd, Rye VIC 3941, Australia"
"BWS Sorrento","Shop 7/92 Ocean Beach Rd, Sorrento VIC 3943, Australia"
"BWS The Pines (Doncaster East)","Cnr Reynolds And, The Pines Shopping Centre, Blackburn Rd, Doncaster East VIC 3109, Australia"
"BWS Shoppingtown Hotel Drive","19 Williamsons Rd, Doncaster VIC 3108, Australia"
"BWS Kew","17 Walpole St, Kew VIC 3101, Australia"
"BWS Cherry Hill Drive","189 Reynolds Rd, Doncaster East VIC 3109, Australia"
"BWS Clifton Hill (Queens Parade)","141-147 Queens Parade, Clifton Hill VIC 3068, Australia"
"BWS Doncaster","958/978 Doncaster Rd, Doncaster East VIC 3109, Australia"
"BWS Preston Drive","1 Cramer St, Preston VIC 3072, Australia"
"BWS Eltham Drive","746 Main Rd, Eltham VIC 3095, Australia"
"BWS Ivanhoe","72/84 Upper Heidelberg Rd, Ivanhoe VIC 3079, Australia"
"BWS Exhibition St","222 Exhibition St, Melbourne VIC 3000, Australia"
"BWS Abbotsford The Hive","313 Victoria St, Abbotsford VIC 3067, Australia"
"BWS Reservoir Drive","709 Plenty Rd, Reservoir VIC 3073, Australia"
"BWS Preston South","50 Plenty Rd, Preston VIC 3072, Australia"
"BWS Northcote","2 Charles St, Northcote VIC 3070, Australia"
"BWS Blackburn North","66-104 Springfield Rd, Blackburn VIC 3130, Australia"
"BWS Blackburn South","117-125 Canterbury Rd, Blackburn VIC 3130, Australia"
"BWS Blackburn Drive","111 Whitehorse Rd, Blackburn VIC 3130, Australia"
"BWS Bundoora Drive","49 Plenty Rd, Bundoora VIC 3083, Australia"
"BWS Templestowe","Unit 19/325 Manningham Rd, Templestowe Lower VIC 3107, Australia"
"BWS Mitcham Drive","556 Maroondah Hwy, Mitcham VIC 3132, Australia"
"BWS Middle Camberwell","752 Riversdale Rd, Camberwell VIC 3124, Australia"
"BWS Eastland (Ringwood)","171 Maroondah Hwy, Ringwood VIC 3134, Australia"
"BWS Hawthorn","674 Glenferrie Rd, Hawthorn VIC 3122, Australia"
"BWS Doncaster Drive","855 Doncaster Rd, Doncaster VIC 3108, Australia"
"BWS Balwyn","Cnr Whitehorse Road And, Mangan St, Balwyn VIC 3103, Australia"
"BWS Box Hill","Cnr Main And, Station St, Box Hill VIC 3128, Australia"
"BWS St Albans","315/321 Main Rd E, St Albans VIC 3021, Australia"
"BWS Taylors Lakes","Road And, Cnr Melton-Keilor, Sunshine Ave, Taylors Lakes VIC 3038, Australia"
"BWS Opalia (Melton South)","201 Exford Rd, Weir Views VIC 3338, Australia"
"BWS Watervale","1 Calder Park Dr, Taylors Hill VIC 3037, Australia"
"BWS Melton","Coburns Central Shopping Centre, 523-531 High St, Melton West VIC 3337, Australia"
"BWS Melton Drive","322/332 High St, Melton VIC 3337, Australia"
"BWS Deer Park","Cnr Neale Road And, Station Street, Deer Park VIC 3023, Australia"
"BWS Caroline Springs","29/35 Lake St, Caroline Springs VIC 3023, Australia"
"BWS Deer Park Drive","760 Ballarat Rd, Deer Park VIC 3023, Australia"
"BWS Watergardens (Taylors Lakes)","Watergardens Town Centre, Shop 1S2-ST1, 399 Melton Hwy, Taylors Lakes VIC 3038, Australia"
"Kinglake Community Foodworks","12 Whittlesea-Kinglake Rd, Kinglake VIC 3763, Australia"
"Thirsty Camel","115 Queen St, Warragul VIC 3820, Australia"
"Woolworths Warragul","58/66 Victoria St, Warragul VIC 3820, Australia"
"Premix King Warragul","3a/13 Palmerston St, Warragul VIC 3820, Australia"
"Monacellars Liquor Superstore Warragul","36/38 Alfred St, Warragul VIC 3820, Australia"
"Liquorland Warragul","30-36 Palmerston St, Warragul VIC 3820, Australia"
"Dan Murphy's Geelong West","155/157 Pakington St, Geelong West VIC 3218, Australia"
"Dan Murphy's Belmont","Cnr Mt Pleasant Road &, Herd Rd, Belmont VIC 3216, Australia"
"Dan Murphy's Armstrong Creek","458/498 Torquay Rd, Armstrong Creek VIC 3217, Australia"
"Liquorland Leopold","Gateway Plaza, Tenancy 3, 641/659 Bellarine Hwy, Leopold VIC 3224, Australia"
"BWS Highton","And, Cnr Bellvue Avenue, Roslyn Rd, Highton VIC 3216, Australia"
"BWS Springvale","302 Springvale Rd, Springvale VIC 3171, Australia"
"Woolworths Golden Square","234-246 High St, Golden Square VIC 3555, Australia"
"The Hop Supply Co.","137 McCrae St, Bendigo VIC 3550, Australia"
"BWS Coburg North Drive","1139 Sydney Rd, Coburg North VIC 3058, Australia"
"BWS Fitzroy","243 Smith St, Fitzroy VIC 3065, Australia"
"BWS Koo Wee Rup","25/65 Station St, Koo Wee Rup VIC 3981, Australia"
"BWS Niddrie","Niddrie Central Shopping Centre, Cnr Hoffmans &, Keilor Rd, Niddrie VIC 3042, Australia"
"BWS Young & Jacksons","1 Swanston St, Melbourne VIC 3000, Australia"
"BWS Westmeadows Drive","10 Ardlie St, Westmeadows VIC 3049, Australia"
"BWS Niddrie Drive","288 Keilor Rd, Essendon VIC 3040, Australia"
"BWS Lygon Court","333 Drummond St, Carlton VIC 3053, Australia"
"BWS Coburg Station","1/3 Louisa St, Coburg VIC 3058, Australia"
"BWS Collins Square","727 Collins St, Docklands VIC 3008, Australia"
"BWS Skyways Drive","113 Matthews Ave, Airport West VIC 3042, Australia"
"BWS Airport West","Westfield Airport West, 25/39 Louis St, Airport West VIC 3042, Australia"
"BWS St Helena","214 Aqueduct Rd, St Helena VIC 3088, Australia"
"BWS Victoria Park","247/259 Johnston St, Abbotsford VIC 3067, Australia"
"BWS Ascot Vale (Mt Alexander Rd)","327/357 Mt Alexander Rd, Ascot Vale VIC 3032, Australia"
"BWS Coolaroo Drive","Cnr Barry Rd AND, Maffra St, Coolaroo VIC 3048, Australia"
"BWS Croxton Park Drive","607 High St, Thornbury VIC 3071, Australia"
"BWS Barkly Square","90/106 Sydney Rd, Brunswick VIC 3056, Australia"
"BWS Newmarket Plaza","Newmarket Shopping Plaza, 338-390 Racecourse Rd, Flemington VIC 3031, Australia"
"BWS Campbellfield Drive","1631 Sydney Rd, Campbellfield VIC 3061, Australia"
"BWS North Melbourne","Corner Vaughan Terrace &, Canning St, North Melbourne VIC 3051, Australia"
"BWS Brunswick North","808/818 Sydney Rd, Brunswick VIC 3056, Australia"
"BWS Coburg Hills","153/159 Elizabeth St, Coburg North VIC 3058, Australia"
"BWS Highpoint West","200 Rosamond Rd, Maribyrnong VIC 3032, Australia"
"BWS Flinders St","262 Flinders St, Melbourne VIC 3000, Australia"
"BWS East Keilor","235 Milleara Rd, Keilor East VIC 3033, Australia"
"BWS Southern Cross","Cnr Collins and, Spencer St, Docklands VIC 3008, Australia"
"BWS Moonee Ponds","13 Pratt St, Moonee Ponds VIC 3039, Australia"
"BWS Richmond","132-134 Swan St, Cremorne VIC 3121, Australia"
"BWS South Melbourne","132 York St, South Melbourne VIC 3205, Australia"
"BWS Burwood East","42-50 Burwood Hwy, Burwood East VIC 3151, Australia"
"The Bottle-O","88/90 Bridge St E, Benalla VIC 3672, Australia"
"Woolworths Benalla","49-59 Smythe St, Benalla VIC 3672, Australia"
"Cellarbrations","2/49-55 Smythe St, Benalla VIC 3672, Australia"
"Kialla Cellarbrations Superstore","Riverside plaza, Shop 22c/8025 Goulburn Valley Hwy, Kialla VIC 3631, Australia"
"Dan Murphy's Shepparton","428/452 Wyndham St, Shepparton VIC 3630, Australia"
"North Eastern Hotel","1-9 Spearing St, Wangaratta VIC 3677, Australia"
"Liquorland Wangaratta","Cnr Ryley St &, Greta Rd, Wangaratta VIC 3677, Australia"
"Cellarbrations","SHOP 1/33 Hamilton St, Gisborne VIC 3437, Australia"
"The Bottle-O","112-128 Princes Dr, Morwell VIC 3840, Australia"
"Monacellars","112-128 Princes Dr, Morwell VIC 3840, Australia"
"Liquorland Gisborne","Aitken St &, Robertson St, Gisborne VIC 3437, Australia"
"First Choice Liquor Market Sunbury","Shop 52 Sunbury Square Shopping Centre Corner Evans Street And, Macedon St, Sunbury VIC 3429, Australia"
"Woolworths Stawell","26/32 Scallan St, Stawell VIC 3380, Australia"
"Cellarbrations Superstore","23 Wilson St, Horsham VIC 3400, Australia"
"Woolworths Wodonga","Elgin Blvd &, Hume St, Wodonga VIC 3960, Australia"
"Thirsty Camel","Anzac Parade, Wodonga VIC 3690, Australia"
"Premix King Wodonga","202B Beechworth Rd, Wodonga VIC 3690, Australia"
"First Choice Liquor Market Wodonga","73 Elgin Blvd, Wodonga VIC 3690, Australia"
"BWS Emerald","383-385 Belgrave-Gembrook Rd, Emerald VIC 3782, Australia"
"BWS Hallam Drive","AND, Cnr Princes Hwy, Hallam S Rd, Hallam VIC 3803, Australia"
"BWS Berwick","1-9 Lyall Rd, Berwick VIC 3806, Australia"
"Woolworths Leongatha","1/7 Peart St, Leongatha VIC 3953, Australia"
